Alignment/_ss:Vertical,Alignment/_ss:WrapText,Font/0/_ss:FontName,Font/0/_x:CharSet,Font/0/_x:Family,Font/0/_ss:Size,_ss:ID,_ss:Name,Alignment/_ss:Indent,Alignment/_ss:Horizontal,Interior/_ss:Color,Interior/_ss:Pattern,Borders/Border/0/_ss:Position,Borders/Border/0/_ss:Color,Borders/Border/0/_ss:LineStyle,Borders/Border/0/_ss:Weight,Borders/Border/1/_ss:Position,Borders/Border/1/_ss:Color,Borders/Border/1/_ss:LineStyle,Borders/Border/1/_ss:Weight,Borders/Border/2/_ss:Position,Borders/Border/2/_ss:Color,Borders/Border/2/_ss:LineStyle,Borders/Border/2/_ss:Weight,Borders/Border/3/_ss:Position,Borders/Border/3/_ss:Color,Borders/Border/3/_ss:LineStyle,Borders/Border/3/_ss:Weight,Font/0/_ss:Bold,Alignment/_ss:ShrinkToFit,Font/0/_ss:Color,NumberFormat/_ss:Format
Top,1,Times New Roman,204,Roman,10,Default,Normal,,,,,,,,,,,,,,,,,,,,,,,,
Center,1,,,,,s01,,1,Left,,,,,,,,,,,,,,,,,,,,,,
Top,1,,,,,s02,,1,Left,,,,,,,,,,,,,,,,,,,,,,
Bottom,1,,,,,s03,,,Left,,,,,,,,,,,,,,,,,,,,,,
Top,1,,,Swiss,6,s04,,1,Left,,,,,,,,,,,,,,,,,,,,,,
Center,1,,,,,s05,,,Left,,,,,,,,,,,,,,,,,,,,,,
Top,1,,,Swiss,6,s06,,,Left,#C4BD97,Solid,Top,#000000,Continuous,1,Bottom,#000000,Continuous,1,Left,#000000,Continuous,1,Right,#000000,Continuous,1,1,,,
Bottom,1,,,Swiss,6,s07,,,Left,,,Top,#000000,Continuous,1,Bottom,#000000,Continuous,1,Left,#000000,Continuous,1,Right,#000000,Continuous,1,1,,,
Bottom,1,,,Swiss,6,s08,,1,Left,,,Top,#000000,Continuous,1,Bottom,#000000,Continuous,1,Left,#000000,Continuous,1,Right,#000000,Continuous,1,1,,,
Top,1,,,Swiss,6,s09,,,Center,,,Top,#000000,Continuous,1,Bottom,#000000,Continuous,1,Left,#000000,Continuous,1,Right,#000000,Continuous,1,1,,,
Top,1,,,Swiss,6,s10,,3,Left,,,Top,#000000,Continuous,1,Bottom,#000000,Continuous,1,Left,#000000,Continuous,1,Right,#000000,Continuous,1,1,,,
Top,1,,,Swiss,6,s11,,2,Left,,,Top,#000000,Continuous,1,Bottom,#000000,Continuous,1,Left,#000000,Continuous,1,Right,#000000,Continuous,1,1,,,
Top,1,,,,,s12,,,Left,,,,,,,,,,,,,,,,,,,,,,
Center,1,,,Swiss,6,s13,,,Center,,,Top,#000000,Continuous,1,Bottom,#000000,Continuous,1,Left,#000000,Continuous,1,Right,#000000,Continuous,1,1,,,
Top,1,,,Swiss,6,s14,,,Left,,,Top,#000000,Continuous,1,Bottom,#000000,Continuous,1,Left,#000000,Continuous,1,Right,#000000,Continuous,1,,,,
Top,,,,Swiss,6,s15,,2,Left,,,Top,#000000,Continuous,1,Bottom,#000000,Continuous,1,Left,#000000,Continuous,1,Right,#000000,Continuous,1,,1,#000000,0.0
Top,,,,Swiss,6,s16,,,Center,,,Top,#000000,Continuous,1,Bottom,#000000,Continuous,1,Left,#000000,Continuous,1,Right,#000000,Continuous,1,,1,#000000,"#,##0"
Bottom,1,,,,,s17,,,Left,,,Top,#000000,Continuous,1,Bottom,#000000,Continuous,1,Left,#000000,Continuous,1,Right,#000000,Continuous,1,,,,
Top,,,,Swiss,6,s18,,,Center,,,Top,#000000,Continuous,1,Bottom,#000000,Continuous,1,Left,#000000,Continuous,1,Right,#000000,Continuous,1,,1,#000000,0
Center,1,,,,,s19,,,Left,,,Top,#000000,Continuous,1,Bottom,#000000,Continuous,1,Left,#000000,Continuous,1,Right,#000000,Continuous,1,,,,
Top,,,,Swiss,6,s20,,2,Left,,,Top,#000000,Continuous,1,Bottom,#000000,Continuous,1,Left,#000000,Continuous,1,Right,#000000,Continuous,1,,1,#000000,0
Top,,,,Swiss,6,s21,,1,Left,,,Top,#000000,Continuous,1,Bottom,#000000,Continuous,1,Left,#000000,Continuous,1,Right,#000000,Continuous,1,,1,#000000,"#,##0"
Top,1,,,Swiss,6,s22,,1,Left,,,Top,#000000,Continuous,1,Bottom,#000000,Continuous,1,Left,#000000,Continuous,1,Right,#000000,Continuous,1,,,,
Top,1,,,Swiss,6,s23,,2,Right,,,Top,#000000,Continuous,1,Bottom,#000000,Continuous,1,Left,#000000,Continuous,1,Right,#000000,Continuous,1,,,,
Top,,,,Swiss,6,s24,,1,Right,,,Top,#000000,Continuous,1,Bottom,#000000,Continuous,1,Left,#000000,Continuous,1,Right,#000000,Continuous,1,,1,#000000,"#,##0"
Top,1,,,Swiss,6,s25,,1,Right,,,Top,#000000,Continuous,1,Bottom,#000000,Continuous,1,Left,#000000,Continuous,1,Right,#000000,Continuous,1,,,,
Top,,,,Swiss,6,s26,,,Center,,,Top,#000000,Continuous,1,Bottom,#000000,Continuous,1,Left,#000000,Continuous,1,Right,#000000,Continuous,1,,1,#000000,0.0
Top,1,,,Swiss,7,s27,,,Left,#C4BD97,Solid,Top,#000000,Continuous,1,Bottom,#000000,Continuous,1,Left,#000000,Continuous,1,Right,#000000,Continuous,1,1,,,
Center,1,,,Swiss,6,s28,,1,Right,,,Top,#000000,Continuous,1,Bottom,#000000,Continuous,1,Left,#000000,Continuous,1,Right,#000000,Continuous,1,1,,,
Top,1,,,Swiss,5,s29,,,Left,,,Top,#000000,Continuous,1,Bottom,#000000,Continuous,1,Left,#000000,Continuous,1,Right,#000000,Continuous,1,1,,,
Top,1,,,Swiss,6,s30,,,Right,,,Top,#000000,Continuous,1,Bottom,#000000,Continuous,1,Left,#000000,Continuous,1,Right,#000000,Continuous,1,,,,
Bottom,1,,,,,s31,,,Left,,,Top,#000000,Continuous,1,Bottom,#000000,Continuous,1,Left,#000000,Continuous,1,,,,,,,,
Center,1,,,,,s32,,,Left,,,Top,#000000,Continuous,1,Bottom,#000000,Continuous,1,Left,#000000,Continuous,1,,,,,,,,
Center,1,,,Swiss,6,s33,,,Left,,,Top,#000000,Continuous,1,Bottom,#000000,Continuous,1,Left,#000000,Continuous,1,Right,#000000,Continuous,1,1,,,
Center,1,,,Swiss,6,s34,,2,Right,,,Top,#000000,Continuous,1,Bottom,#000000,Continuous,1,Left,#000000,Continuous,1,Right,#000000,Continuous,1,,,,
Center,,,,Swiss,6,s35,,,Center,,,Top,#000000,Continuous,1,Bottom,#000000,Continuous,1,Left,#000000,Continuous,1,Right,#000000,Continuous,1,,1,#000000,"#,##0"
Center,1,,,Swiss,6,s36,,2,Left,,,Top,#000000,Continuous,1,Bottom,#000000,Continuous,1,Left,#000000,Continuous,1,Right,#000000,Continuous,1,,,,
Top,1,,,,,s37,,,Left,,,Top,#000000,Continuous,1,Bottom,#000000,Continuous,1,Left,#000000,Continuous,1,Right,#000000,Continuous,1,,,,
Center,,,,Swiss,6,s38,,,Center,,,Top,#000000,Continuous,1,Bottom,#000000,Continuous,1,Left,#000000,Continuous,1,Right,#000000,Continuous,1,,1,#000000,0
Top,1,,,Swiss,6,s39,,,Left,#C4BD97,Solid,Top,#000000,Continuous,1,Bottom,#000000,Continuous,1,Left,#000000,Continuous,1,,,,,1,,,
Center,1,,,Swiss,6,s40,,,Center,,,Top,#000000,Continuous,1,Bottom,#000000,Continuous,1,Left,#000000,Continuous,1,,,,,1,,,
Top,1,,,Swiss,5,s41,,,Center,,,Top,#000000,Continuous,1,Bottom,#000000,Continuous,1,Left,#000000,Continuous,1,Right,#000000,Continuous,1,,,,
Top,,,,Swiss,6,s42,,2,Left,,,Top,#000000,Continuous,1,Bottom,#000000,Continuous,1,Left,#000000,Continuous,1,Right,#000000,Continuous,1,,1,#000000,0
Top,,,,Swiss,6,s43,,,Center,,,Top,#000000,Continuous,1,Bottom,#000000,Continuous,1,Left,#000000,Continuous,1,Right,#000000,Continuous,1,,1,#000000,0
Top,,,,Swiss,6,s44,,2,Right,,,Top,#000000,Continuous,1,Bottom,#000000,Continuous,1,Left,#000000,Continuous,1,Right,#000000,Continuous,1,,1,#000000,0
Top,,,,Swiss,6,s45,,2,Right,,,Top,#000000,Continuous,1,Bottom,#000000,Continuous,1,Left,#000000,Continuous,1,Right,#000000,Continuous,1,,1,#000000,"#,##0"
Center,1,,,Swiss,6,s46,,,Right,,,Top,#000000,Continuous,1,Bottom,#000000,Continuous,1,Left,#000000,Continuous,1,Right,#000000,Continuous,1,1,,,
Top,1,,,Swiss,6,s47,,,Center,,,Top,#000000,Continuous,1,Bottom,#000000,Continuous,1,Left,#000000,Continuous,1,Right,#000000,Continuous,1,,,,
Top,,,,Swiss,6,s48,,1,Left,,,Top,#000000,Continuous,1,Bottom,#000000,Continuous,1,Left,#000000,Continuous,1,Right,#000000,Continuous,1,,1,#000000,0.0
Bottom,1,,,,,s49,,,Left,#C4BD97,Solid,Top,#000000,Continuous,1,Bottom,#000000,Continuous,1,Left,#000000,Continuous,1,Right,#000000,Continuous,1,,,,
Top,,,,Swiss,6,s50,,1,Left,,,Top,#000000,Continuous,1,Bottom,#000000,Continuous,1,Left,#000000,Continuous,1,Right,#000000,Continuous,1,,1,#000000,0
Bottom,1,,,,,s51,,,Left,,,Top,#000000,Continuous,1,Left,#000000,Continuous,1,Right,#000000,Continuous,1,,,,,,,,
Top,,,,Swiss,6,s52,,,Center,,,Top,#000000,Continuous,1,Left,#000000,Continuous,1,Right,#000000,Continuous,1,,,,,,1,#000000,"#,##0"
Top,1,,,Swiss,6,s53,,,Center,,,Top,#000000,Continuous,1,Left,#000000,Continuous,1,Right,#000000,Continuous,1,,,,,,,,
Center,1,,,Swiss,6,s54,,1,Left,,,Top,#000000,Continuous,1,Bottom,#000000,Continuous,1,Left,#000000,Continuous,1,Right,#000000,Continuous,1,1,,,
Top,,,,Swiss,6,s55,,,Center,,,Top,#000000,Continuous,1,Bottom,#000000,Continuous,1,Left,#000000,Continuous,1,Right,#000000,Continuous,1,,1,#000000,"#,##0"
Top,1,,,Swiss,6,s56,,3,Right,,,Top,#000000,Continuous,1,Bottom,#000000,Continuous,1,Left,#000000,Continuous,1,Right,#000000,Continuous,1,,,,
Top,1,,,Swiss,6,s57,,,Center,,,Top,#000000,Continuous,1,Bottom,#000000,Continuous,1,Left,#000000,Continuous,1,,,,,,,,
Top,1,,,Swiss,6,s58,,2,Left,,,Top,#000000,Continuous,1,Bottom,#000000,Continuous,1,Left,#000000,Continuous,1,,,,,1,,,
Center,1,,,Swiss,6,s59,,,Left,,,Bottom,#000000,Continuous,1,Left,#000000,Continuous,1,Right,#000000,Continuous,1,,,,,1,,,
Top,1,,,Swiss,6,s60,,,Left,,,Bottom,#000000,Continuous,1,Left,#000000,Continuous,1,Right,#000000,Continuous,1,,,,,1,,,
Center,1,,,Swiss,6,s61,,1,Right,,,Bottom,#000000,Continuous,1,Left,#000000,Continuous,1,Right,#000000,Continuous,1,,,,,1,,,
Top,,,,Swiss,6,s62,,,Center,,,Top,#000000,Continuous,1,Left,#000000,Continuous,1,Right,#000000,Continuous,1,,,,,,1,#000000,0
Bottom,1,,,,,s63,,,Left,#C4BD97,Solid,Bottom,#000000,Continuous,1,Left,#000000,Continuous,1,Right,#000000,Continuous,1,,,,,,,,
Top,,,,Swiss,6,s64,,,Right,,,Top,#000000,Continuous,1,Bottom,#000000,Continuous,1,Left,#000000,Continuous,1,Right,#000000,Continuous,1,,1,#000000,"#,##0"
Top,1,,,Swiss,8,s65,,,Left,,,Top,#000000,Continuous,1,Bottom,#000000,Continuous,1,Left,#000000,Continuous,1,Right,#000000,Continuous,1,1,,,
Top,,,,Swiss,8,s66,,,Center,,,Top,#000000,Continuous,1,Bottom,#000000,Continuous,1,Left,#000000,Continuous,1,Right,#000000,Continuous,1,1,1,#000000,"#,##0"
Top,,,,Swiss,8,s67,,,Right,,,Top,#000000,Continuous,1,Bottom,#000000,Continuous,1,Left,#000000,Continuous,1,Right,#000000,Continuous,1,1,1,#000000,"#,##0"
Top,,,,Swiss,8,s68,,,Center,,,Top,#000000,Continuous,1,Bottom,#000000,Continuous,1,Left,#000000,Continuous,1,Right,#000000,Continuous,1,1,1,#000000,0
